{
    "loss": 24.21914291381836,
    "accuracy": 0.8130417466163635
}