{
    "loss": 2.978393077850342,
    "accuracy": 0.8080821633338928
}