{
    "loss": 23.498870849609375,
    "accuracy": 0.7525003552436829
}