{
    "loss": 0.7442734241485596,
    "accuracy": 0.9249132871627808
}