{
    "loss": 0.7154342532157898,
    "accuracy": 0.9285142421722412
}